ticker,date,datetime,headline,summary,link,source,sentiment_label,sentiment_score,prob_positive,prob_negative,prob_neutral
AAPL,2026-06-14,2026-06-14 21:12:00,Apple's iOS 27 surprise could change the AI narrative,"AI is now the largest battleground in technology. Over the last two years investors have pumped hundreds of billions of dollars into firms promising to lead the next stage of the AI revolution. At Apple (AAPL), that talk has become more and more about the iPhone. Many experts have said AI might ...",https://www.thestreet.com/technology/apples-ios-27-surprise-could-change-the-ai-narrative?.tsrc=rss,Yahoo Finance RSS,neutral,0.0,0.1249,0.0285,0.8466
AAPL,2026-06-14,2026-06-14 19:10:06,Indian Pollution Probe Tests Apple Supply Chain And Valuation Gap,"Indian pollution regulators have accused Tata Electronics, a key Apple supplier, of contaminating local groundwater with wastewater. The probe focuses on a facility that plays an important role in producing iPhone components for Apple, listed as NasdaqGS:AAPL. Any regulatory action could affect operations at the plant and create complications for Apple's supply chain in India. For Apple, India has been a focus area for building out iPhone manufacturing capacity outside China, with local...",https://finance.yahoo.com/markets/stocks/articles/indian-pollution-probe-tests-apple-191006263.html?.tsrc=rss,Yahoo Finance RSS,negative,-0.8805,0.0285,0.8805,0.0911
AAPL,2026-06-14,2026-06-14 16:05:00,TechCrunch Mobility: SpaceX rockets past Tesla,"Welcome back to TechCrunch Mobility, your hub for the future of transportation and now, more than ever, how AI is playing a part.",https://finance.yahoo.com/sectors/technology/articles/techcrunch-mobility-spacex-rockets-past-160500362.html?.tsrc=rss,Yahoo Finance RSS,neutral,0.0,0.1673,0.0107,0.822
AAPL,2026-06-14,2026-06-14 13:05:00,"Given the News Out of WWDC, Was Warren Buffett Right to Sell Apple Stock?",Apple stock is up 50% since Berkshire Hathaway started unloading shares in mid-2023.,https://www.fool.com/investing/2026/06/14/after-wwdc-warren-buffett-right-sell-apple-stock/?.tsrc=rss,Yahoo Finance RSS,positive,0.9484,0.9484,0.0156,0.036
AAPL,2026-06-14,2026-06-14 12:03:00,Goldman Sachs resets Apple stock forecast after WWDC,"Apple has spent years trying to convince investors that its next major growth story will not depend only on a new iPhone. That effort has become more urgent as artificial intelligence reshapes the technology industry, with rivals including Google, Microsoft, OpenAI, and Meta moving faster with ...",https://www.thestreet.com/investing/goldman-sachs-resets-apple-stock-forecast-after-wwdc?.tsrc=rss,Yahoo Finance RSS,neutral,0.0,0.1996,0.0357,0.7647
AAPL,2026-06-14,2026-06-14 10:05:00,Meet the Spectacular Vanguard ETF That Could Buy SpaceX Stock as Soon as June 19,The Vanguard Mega Cap Growth ETF owns a concentrated portfolio of America's largest companies.,https://www.fool.com/investing/2026/06/14/meet-vanguard-etf-could-buy-spacex-stock-june-19/?.tsrc=rss,Yahoo Finance RSS,neutral,0.0,0.0918,0.0083,0.8999
AAPL,2026-06-13,2026-06-13 20:08:31,"Amazon Expands Satellite, Cloud And Robotics Investments As Valuation Gap Widens","Amazon.com (NasdaqGS:AMZN) plans to acquire Apple’s 20% stake in satellite operator Globalstar as part of an $11.6b satellite communications agreement tied to its Project Leo plans. The company also announced a new multi billion dollar AWS partnership with Pinterest, expanding its cloud reach into a major social media platform. In Europe, Amazon is rolling out a new generation of AI powered warehouse robots aimed at improving fulfillment efficiency and logistics capabilities. Amazon.com,...",https://finance.yahoo.com/markets/stocks/articles/amazon-expands-satellite-cloud-robotics-200831338.html?.tsrc=rss,Yahoo Finance RSS,positive,0.8634,0.8634,0.0072,0.1294
AAPL,2026-06-13,2026-06-13 15:42:40,Wall Street’s Top Billionaires Are Changing Their Mind About Apple (AAPL),"We just covered the Top 10 Stock Picks of 10 Famous Billionaires. Apple Inc. (NASDAQ:AAPL) ranks #4 (see Top 5 Stock Picks of 5 Famous Billionaires). Number of Hedge Funds: 170 Top Pick Of: Warren Buffett’s Berkshire Hathaway Apple was once seen as a laggard in the AI race. Now it is looking like a winner, […]",https://finance.yahoo.com/markets/stocks/articles/wall-street-top-billionaires-changing-154240546.html?.tsrc=rss,Yahoo Finance RSS,neutral,0.0,0.0711,0.0323,0.8966
AAPL,2026-06-13,2026-06-13 15:42:37,Taiwan Semiconductor (TSM) is This Famous Billionaire’s Biggest AI Stock Holding,We just covered the Top 10 Stock Picks of 10 Famous Billionaires. Taiwan Semiconductor (NYSE:TSM) ranks #3 (see Top 5 Stock Picks of 5 Famous Billionaires). Number of Hedge Funds: 234 Top Pick Of: Philippe Laffont — Coatue Management Taiwan Semiconductor (NYSE:TSM) is the biggest holding of billionaire Philippe Laffont of Coatue Management. Taiwan Semiconductor (NYSE:TSM) […],https://finance.yahoo.com/markets/stocks/articles/taiwan-semiconductor-tsm-famous-billionaire-154237082.html?.tsrc=rss,Yahoo Finance RSS,neutral,0.0,0.036,0.0193,0.9447
AAPL,2026-06-13,2026-06-13 15:00:03,TSMC Revenue Surges 30% in May on Relentless AI Demand. TSM Stock Is Still Undervalued Here.,The world's most important chipmaker just gave investors another reason to believe the AI boom is far from over.,https://www.barchart.com/story/news/2455490/tsmc-revenue-surges-30-in-may-on-relentless-ai-demand-tsm-stock-is-still-undervalued-here?.tsrc=rss,Yahoo Finance RSS,positive,0.908,0.908,0.0664,0.0256
AAPL,2026-06-13,2026-06-13 14:48:11,"SpaceX's Nasdaq Debut Puts Bitcoin On 25% Of 'Mag8' Balance Sheets, Strategy’s Michael Saylor Says","FTSE Russell confirmed SpaceX will join the Russell 1000 and Russell Top 200 on June 26, with MSCI adding it to its standard and large-cap indexes on June 29.",https://stocktwits.com/news-articles/markets/cryptocurrency/saylor-spacex-mag8-bitcoin/cZKII4kR75H?.tsrc=rss,Yahoo Finance RSS,neutral,0.0,0.1627,0.0097,0.8276
AAPL,2026-06-13,2026-06-13 14:27:00,"Apple Is Mostly Sitting Out the AI Spending Arms Race. With AI Stocks Selling Off, That Suddenly Looks Smart.",A brutal week for AI's biggest spenders is recasting the iPhone maker's restraint as a strength.,https://www.fool.com/investing/2026/06/13/apple-is-mostly-sitting-out-the-ai-spending-arms-r/?.tsrc=rss,Yahoo Finance RSS,neutral,0.0,0.2352,0.3797,0.3851
AAPL,2026-06-13,2026-06-13 11:25:00,"Should I Update iOS 27 ""Tenorshare Launches An iOS 27 Upgrade-Downgrade Companion Tool""","Tenorshare launched an interactive iOS 27 Upgrade-Downgrade Companion to assist users weighing the risks of Apple's next OS, offering tailored recommendations for hesitant iOS 27 upgraders and providing a seamless, data-safe downgrade from iOS 27 ...",https://finance.yahoo.com/sectors/technology/articles/ios-27-tenorshare-launches-ios-112500596.html?.tsrc=rss,Yahoo Finance RSS,neutral,0.0,0.2509,0.0128,0.7363
AAPL,2026-06-13,2026-06-13 11:00:00,MarketBeat Week in Review – 06/08 - 06/12,"Stocks rallied on optimism surrounding a potential U.S.-Iran peace deal and SpaceX's historic IPO debut, reinforcing investor confidence and market momentum",https://www.marketbeat.com/articles/marketbeat-week-in-review-06-08-06-12/?utm_source=yahoofinance&utm_medium=yahoofinance&.tsrc=rss,Yahoo Finance RSS,positive,0.9436,0.9436,0.0274,0.029
AAPL,2026-06-13,2026-06-13 09:00:00,"Apple just dropped these three hidden clues about where the company is heading, thanks to AI","Apple had a lot to say about AI at WWDC. If you listened closely enough, you could hear what it means for Apple’s overall business, not to mention brand identity.",https://www.fastcompany.com/91557210/apple-ios-27-siri-ai-artificial-intelligence-hardware-business-brand-company-future?.tsrc=rss,Yahoo Finance RSS,neutral,0.0,0.0425,0.0419,0.9156
AAPL,2026-06-13,2026-06-13 08:33:55,"Exclusive-Tata's iPhone parts factory contaminated farmland water, India pollution body alleges",An Indian pollution regulator has alleged wastewater discharged from a Tata components factory for Apple's iPhone has contaminated the groundwater for nearby farms and warned of a ‌forced shutdown unless Tata gives a satisfactory explanation.  India's Tata Electronics is central to Apple's push to diversify iPhone production ‌beyond China and is the second-biggest supplier to Apple in South Asia after Taiwan's Foxconn.  The Tata plant under investigation is in Hosur in southern Tamil Nadu state ​and makes back panels and other components for iPhones.,https://finance.yahoo.com/sectors/technology/articles/exclusive-tatas-iphone-parts-factory-083355814.html?.tsrc=rss,Yahoo Finance RSS,negative,-0.8261,0.016,0.8261,0.1579
AAPL,2026-06-13,2026-06-13 02:40:00,The Index Says Euphoria. But Don’t Panic.,A Citigroup sentiment indicator hasn’t shown this much market euphoria since the post-Covid rally of 2021. How long can it last?,https://finance.yahoo.com/m/f3575c70-9280-3535-ba58-0f66dd6cc4b1/the-index-says-euphoria.-but.html?.tsrc=rss,Yahoo Finance RSS,neutral,0.0,0.0373,0.428,0.5348
AAPL,2026-06-13,2026-06-13 01:01:00,Can Apple Stock Double to $600 in 5 Years?,"After shares posted a 134% trailing five-year gain, investors are now focused on what the next half decade will bring.",https://www.fool.com/investing/2026/06/12/can-apple-stock-double-to-600-in-5-years/?.tsrc=rss,Yahoo Finance RSS,neutral,0.0,0.151,0.0242,0.8248
AAPL,2026-06-12,2026-06-12 23:08:41,Does Google Stock Have More Upside?,"Alphabet (GOOGL) stock is at an interesting point right now. It has strong momentum, and if you bet on it, you are betting on a company with strong profitability, good cash flow, a low-debt-to-market-cap structure, and good tailwinds. But is that enough.",https://www.trefis.com/articles/602686/does-google-stock-have-more-upside/2026-06-12?.tsrc=rss,Yahoo Finance RSS,neutral,0.0,0.45,0.0202,0.5298
AAPL,2026-06-12,2026-06-12 22:50:00,Cash Flow Kings: These Companies Generate Huge Cash,"Companies with strong cash-generating abilities are great targets, as they have plenty of cash to fuel growth, pay out dividends, buy back shares, and easily wipe out debt.",https://finance.yahoo.com/markets/stocks/articles/cash-flow-kings-companies-generate-225000156.html?.tsrc=rss,Yahoo Finance RSS,positive,0.6719,0.6719,0.0141,0.314
MSFT,2026-06-14,2026-06-14 21:10:42,How Constellation’s US$3.09 Billion Equity Raise And AI Power Deals At Constellation Energy (CEG) Has Changed Its Investment Story,"Earlier this month, Constellation Energy Corporation completed a US$3.09 billion follow-on equity offering of 11,000,000 common shares at about US$281 each, following an earlier filing to issue 9,000,000 shares. This capital raise comes alongside stronger-than-expected quarterly earnings, new clean energy projects coming online, and growing long-term power contracts with major AI and data center customers like Microsoft and Meta. We’ll now examine how this large equity raise, paired with...",https://finance.yahoo.com/markets/stocks/articles/constellation-us-3-09-billion-211042030.html?.tsrc=rss,Yahoo Finance RSS,positive,0.7543,0.7543,0.0128,0.2329
MSFT,2026-06-14,2026-06-14 19:50:00,SMH vs. SOXX vs. SOXQ: Which Semiconductor ETF Is the Best Buy Right Now?,Which semiconductor ETF to choose comes down to cost and portfolio construction. One wins on both counts.,https://www.fool.com/investing/2026/06/14/smh-vs-soxx-vs-soxq-which-semiconductor-etf-best/?.tsrc=rss,Yahoo Finance RSS,neutral,0.0,0.066,0.0333,0.9007
MSFT,2026-06-14,2026-06-14 19:45:27,monday.com (MNDY): AI Work Platform Shift Shows Why Workflow Automation Could Extend Growth,"monday.com Ltd. (NASDAQ:MNDY) is one of the high growth low debt stocks to invest in right now. The company is using AI to deepen its core work-management platform at a time when enterprises are looking to automate more everyday workflows without replacing their existing operating systems. On May 6, monday.com announced a major platform shift, […]",https://finance.yahoo.com/markets/stocks/articles/monday-com-mndy-ai-platform-194527926.html?.tsrc=rss,Yahoo Finance RSS,positive,0.6575,0.6575,0.0156,0.3269
MSFT,2026-06-14,2026-06-14 19:37:00,The Better AI Cloud Stock: Microsoft or Amazon?,"Both are racing to turn enormous AI spending into cloud profits. But on growth and valuation, one looks like the more compelling buy today.",https://www.fool.com/investing/2026/06/14/the-better-ai-cloud-stock-microsoft-or-amazon/?.tsrc=rss,Yahoo Finance RSS,neutral,0.0,0.1457,0.0115,0.8428
MSFT,2026-06-14,2026-06-14 19:08:34,Jim Cramer Thinks Microsoft (MSFT) Doesn’t Need $100 Billion,"We recently published Jim Cramer Didn’t Hold Back On SpaceX’s IPO & Discussed These 12 Stocks. Microsoft Corporation (NASDAQ:MSFT) is one of the stocks discussed by Jim Cramer. Technology giant Microsoft Corporation (NASDAQ:MSFT)’s shares are down by 14.6% over the past year and by 15% year-to-date. UBS discussed the firm on June 7th, as it […]",https://finance.yahoo.com/markets/stocks/articles/jim-cramer-thinks-microsoft-msft-190834894.html?.tsrc=rss,Yahoo Finance RSS,negative,-0.9662,0.0061,0.9662,0.0277
MSFT,2026-06-14,2026-06-14 15:11:16,Microsoft Weighs Xbox Restructuring As Investors Focus On Cloud And AI,"Microsoft (NasdaqGS:MSFT) is reportedly reviewing options for its Xbox gaming division, including a spin off, joint venture, or restructuring into a separate subsidiary. The review follows significant layoffs, pressure on revenue, and consistently low profit margins within Xbox relative to the wider group. Any decision could reshape how Microsoft allocates capital between gaming and its core cloud and AI businesses. For you as an investor, Xbox sits inside a much larger story at Microsoft,...",https://finance.yahoo.com/markets/stocks/articles/microsoft-weighs-xbox-restructuring-investors-151116911.html?.tsrc=rss,Yahoo Finance RSS,negative,-0.802,0.0261,0.802,0.172
MSFT,2026-06-14,2026-06-14 14:13:21,Is IREN (IREN) Quietly Rewriting Its AI Infrastructure Story With Microsoft-Backed GPU Financing?,"In early June 2026, IREN Limited closed a US$3.65 billion investment-grade GPU financing facility linked to its Microsoft AI cloud contract and advanced plans for an 800MW, transmission-ready data center campus in Bundey, South Australia, while also engaging BE Networks and NVIDIA DSX Air to test its upcoming Blackwell Ultra GPU deployment via a digital twin. Taken together, these moves highlight how IREN is trying to reposition itself from a Bitcoin miner into a large-scale AI...",https://finance.yahoo.com/sectors/technology/articles/iren-iren-quietly-rewriting-ai-141321615.html?.tsrc=rss,Yahoo Finance RSS,neutral,0.0,0.3228,0.0121,0.665
MSFT,2026-06-14,2026-06-14 13:49:46,Bill Ackman Likes This Indirect AI Play Everyone’s Ignoring,"We just covered the Top 10 Stock Picks of 10 Famous Billionaires. Brookfield (NYSE:BN) ranks #9 (see Top 5 Stock Picks of 5 Famous Billionaires). Number of Hedge Funds: 47 Top Pick Of: Bill Ackman — Pershing Square Capital Brookfield (NYSE:BN) has quietly become an indirect play on the AI infrastructure buildout, thanks to its exposure […]",https://finance.yahoo.com/markets/stocks/articles/bill-ackman-likes-indirect-ai-134946464.html?.tsrc=rss,Yahoo Finance RSS,neutral,0.0,0.0491,0.0554,0.8956
MSFT,2026-06-14,2026-06-14 13:30:21,3 Cloud Computing Stocks to Load up on in June,"Hyperscaler cloud platforms are doing something rare in the AI era: turning eye-watering capital expenditures into accelerating top-line growth. With Q2 earnings reports landing in July, June is shaping up as a positioning window for the three mega caps that dominate enterprise cloud. Each just printed cloud growth that re-accelerated, each is sitting on contracted ... 3 Cloud Computing Stocks to Load up on in June",https://247wallst.com/investing/2026/06/14/3-cloud-computing-stocks-to-load-up-on-in-june/?.tsrc=rss,Yahoo Finance RSS,neutral,0.0,0.1913,0.0133,0.7954
MSFT,2026-06-14,2026-06-14 12:31:17,"Elon Musk's SpaceX Is Coming To Solana Via Tokenized Shares, Says Foundation President","Solana Foundation President Lily Liu said on Thursday that tokenized shares of SpaceX will be available on the blockchain as soon as the company lists publicly elsewhere. Solana Set To Welcome SpaceX During an interview with CNBC, Liu said that...",https://finance.yahoo.com/markets/crypto/articles/elon-musks-spacex-coming-solana-123117680.html?.tsrc=rss,Yahoo Finance RSS,neutral,0.0,0.1775,0.0094,0.8131
MSFT,2026-06-14,2026-06-14 12:30:10,3 Beaten Down AI Infrastructure Stocks to Buy in June,"AI infrastructure stocks have given investors a textbook entry window this month. The trio that anchors the spending cycle has all pulled back from spring highs, even as the underlying revenue trajectory keeps accelerating. NVIDIA (NASDAQ:NVDA), Broadcom (NASDAQ:AVGO) and Microsoft (NASDAQ:MSFT) are the picks-and-shovels triangle of the AI buildout: silicon, custom accelerators and networking, and the ... 3 Beaten Down AI Infrastructure Stocks to Buy in June",https://247wallst.com/investing/2026/06/14/3-beaten-down-ai-infrastructure-stocks-to-buy-in-june/?.tsrc=rss,Yahoo Finance RSS,negative,-0.8179,0.0493,0.8179,0.1328
MSFT,2026-06-14,2026-06-14 11:50:00,Better Stock to Buy Now: Amazon vs. Microsoft,Amazon and Microsoft are two very similar investments.,https://www.fool.com/investing/2026/06/14/better-stock-to-buy-now-amazon-vs-microsoft/?.tsrc=rss,Yahoo Finance RSS,neutral,0.0,0.1147,0.0182,0.8671
MSFT,2026-06-14,2026-06-14 08:05:00,3 Genius Stocks I'm Buying Instead of the SpaceX IPO,"SpaceX IPO may be popular, but there are better options available.",https://www.fool.com/investing/2026/06/14/3-genius-stocks-im-buying-instead-of-the-spacex-ip/?.tsrc=rss,Yahoo Finance RSS,neutral,0.0,0.1251,0.0178,0.857
MSFT,2026-06-13,2026-06-13 18:38:30,IREN Secures $3.65B GPU Financing Facility for Microsoft AI Cloud Expansion,"IREN Limited (NASDAQ:IREN) is one of the best young stocks with the highest upside potential. On June 1, IREN announced that it has closed a $3.65 billion investment-grade GPU financing facility to support the delivery of its AI cloud contract with Microsoft. The financing is designed to fund large-scale GPU capital expenditures tied to the […]",https://finance.yahoo.com/sectors/technology/articles/iren-secures-3-65b-gpu-183830231.html?.tsrc=rss,Yahoo Finance RSS,neutral,0.0,0.4699,0.0351,0.495
MSFT,2026-06-13,2026-06-13 17:59:50,Truist Reiterates “Buy” Rating On Meta Platforms (META) With $840 PT,"Meta Platforms, Inc. (NASDAQ:META) carries a profit margin of 39.36% and net income of $60.46 billion (FY25), securing its place on our list of the most profitable blue chip stocks to buy according to hedge funds, with analysts seeing 41.10% upside for the stock. That profitability is supported by a business that continues to grow […]",https://finance.yahoo.com/markets/stocks/articles/truist-reiterates-buy-rating-meta-175950721.html?.tsrc=rss,Yahoo Finance RSS,positive,0.8678,0.8678,0.0085,0.1236
MSFT,2026-06-13,2026-06-13 17:59:42,"Microsoft (MSFT)’s LinkedIn Launches BrandWorks, Targets $100 Million Annualized Revenue Run Rate","With a profit margin of 39.34% and net income of $101.83 billion (FY25), Microsoft Corporation (NASDAQ:MSFT) ranks among the most profitable blue chip stocks to buy according to hedge funds. Meanwhile, analysts see 38.20% upside for the stock. That standing is well-supported by results, and Microsoft Corporation (NASDAQ:MSFT) is actively broadening its revenue base beyond […]",https://finance.yahoo.com/markets/stocks/articles/microsoft-msft-linkedin-launches-brandworks-175942732.html?.tsrc=rss,Yahoo Finance RSS,positive,0.9346,0.9346,0.0123,0.0531
MSFT,2026-06-13,2026-06-13 17:13:08,Microsoft (MSFT): The Top Strong Buy Stock to Invest In,"Microsoft Corporation (NASDAQ:MSFT) is one of the Top 10 Strong Buy Stocks to Invest In. On June 9, 2026, KPMG and Microsoft Corporation (NASDAQ:MSFT) announced an expansion of their global relationship to help clients deploy AI at scale. Under the agreement, KPMG will use Microsoft Agent 365 to “enhance” the KPMG Trusted AI framework, while […]",https://finance.yahoo.com/markets/stocks/articles/microsoft-msft-top-strong-buy-171308370.html?.tsrc=rss,Yahoo Finance RSS,positive,0.7388,0.7388,0.0077,0.2534
MSFT,2026-06-13,2026-06-13 16:55:57,Is Microsoft Corporation (MSFT) A Good Stock To Buy Now?,"Is MSFT a good stock to buy? We came across a bullish thesis on Microsoft Corporation on Hated Moats’s Substack by Hated Moats Investors. In this article, we will summarize the bulls’ thesis on MSFT. Microsoft Corporation’s share was trading at $411.74 as of June 8th. MSFT’s trailing and forward P/E were 24.82 and 21.46 respectively according […]",https://finance.yahoo.com/markets/stocks/articles/microsoft-corporation-msft-good-stock-165557909.html?.tsrc=rss,Yahoo Finance RSS,neutral,0.0,0.0528,0.0292,0.918
GOOGL,2026-06-14,2026-06-14 19:30:24,Anthropic Turns To Google To Back Massive Data Center Push,"Anthropic is moving to take greater control of the computing infrastructure that powers its AI models, pursuing data center leases that would place the company in direct control of operating its own facilities. The effort could secure vast amounts of...",https://finance.yahoo.com/sectors/technology/articles/anthropic-turns-google-back-massive-193024074.html?.tsrc=rss,Yahoo Finance RSS,positive,0.613,0.613,0.0109,0.3761
GOOGL,2026-06-14,2026-06-14 18:35:00,3 AI Stocks Poised for Long-Term Gains Despite Strong Year-to-Date Performance,Investors with a long investment horizon should consider buying these three companies.,https://www.fool.com/investing/2026/06/14/3-ai-stocks-poised-for-long-term-gains-despite-str/?.tsrc=rss,Yahoo Finance RSS,positive,0.8337,0.8337,0.0106,0.1556
GOOGL,2026-06-14,2026-06-14 17:31:46,"Mark Zuckerberg's $115 Million Workforce Push Gets A Sunder Pichai Follow Up Act, Alphabet CEO Says Will Train 300,000 American Tradespeople","As the artificial intelligence boom fuels unprecedented demand for data centers and infrastructure, Alphabet Inc.'s Google is expanding its investment in America’s skilled trades workforce. Google Expands Skilled Trades Training Across The US On Thursday, Alphabet CEO Sundar Pichai announced...",https://finance.yahoo.com/sectors/technology/articles/mark-zuckerbergs-115-million-workforce-173146511.html?.tsrc=rss,Yahoo Finance RSS,positive,0.8751,0.8751,0.0087,0.1162
GOOGL,2026-06-14,2026-06-14 16:19:00,SpaceX Stock Began Trading. What’s Ahead for It This Week.,"The  SpaceX  record-setting IPO is in the books.  SpaceX is the latest, and largest, in a long line of hot technology IPOs.  Elon Musk’s rocket company has leveraged lower costs to reach orbit by pioneering reusable rockets into a profitable space-based broadband network.",https://finance.yahoo.com/m/d18fc8ee-f845-3650-bd98-d3bb7022cb55/spacex-stock-began-trading..html?.tsrc=rss,Yahoo Finance RSS,positive,0.496,0.496,0.0099,0.4941
GOOGL,2026-06-14,2026-06-14 16:01:00,Google Is Paying $920 Million Per Month to SpaceX. Here's Why Nvidia Is the Quiet Winner Nobody's Talking About.,The chipmaker is positioned to benefit from SpaceX's plans.,https://www.fool.com/investing/2026/06/14/google-is-paying-920-million-per-month-to-spacex-h/?.tsrc=rss,Yahoo Finance RSS,neutral,0.0,0.4339,0.0103,0.5557
GOOGL,2026-06-14,2026-06-14 15:31:11,Waymo Is Charging $29.99 A Month For Faster Robotaxi Pickups — Here's What Subscribers Get,"Alphabet Inc.‘s Robotaxi service, Waymo, introduced a subscription tier for users, promising quicker pickup times and early access to service rollouts in new markets. Waymo Premier In a press release published on Thursday, the Robotaxi operator touted the “Waymo Premier”...",https://finance.yahoo.com/sectors/technology/articles/waymo-charging-29-99-month-153111594.html?.tsrc=rss,Yahoo Finance RSS,neutral,0.0,0.4918,0.0094,0.4987
GOOGL,2026-06-14,2026-06-14 13:25:00,3 Under-the-Radar Ways to Play Goldman's $1 Trillion AI Spending 2027 Forecast,These three stocks are poised to be AI spending beneficiaries.,https://www.fool.com/investing/2026/06/14/3-under-the-radar-ways-to-play-goldmans-1-trillion/?.tsrc=rss,Yahoo Finance RSS,neutral,0.0,0.1286,0.012,0.8595
GOOGL,2026-06-14,2026-06-14 11:32:07,This market is at 'a 10': Wall Street weighs record SpaceX IPO amid AI-driven stock market,SpaceX's record IPO on Friday is a reassuring sign for Wall Street that the AI bull market has plenty of runway to go.,https://finance.yahoo.com/markets/article/this-market-is-at-a-10-wall-street-weighs-record-spacex-ipo-amid-ai-driven-stock-market-113207472.html?.tsrc=rss,Yahoo Finance RSS,positive,0.9123,0.9123,0.0202,0.0675
GOOGL,2026-06-14,2026-06-14 11:30:27,Google Reveals Why It Turned Down Trump Administration's Quantum Funding Deal: 'In This One Specific Case…',"Alphabet‘s Google Quantum AI turned down funding from the Trump administration for its quantum computing initiative, citing “conditions” that would have slowed down its progress. Charina Chou, Chief Operating Officer of Google Quantum AI, disclosed at the Semafor Tech summit...",https://finance.yahoo.com/sectors/technology/articles/google-reveals-why-turned-down-113027718.html?.tsrc=rss,Yahoo Finance RSS,negative,-0.9165,0.017,0.9165,0.0664
GOOGL,2026-06-14,2026-06-14 08:26:57,How Booking won online travel & can it win AI travel?,"Investing.com -- Booking Holdings (NASDAQ: BKNG) remains one of the strongest players in online travel, but artificial intelligence could eventually challenge some of the company’s competitive advantages, according to a report from Bernstein.",https://finance.yahoo.com/markets/stocks/articles/booking-won-online-travel-win-082657806.html?.tsrc=rss,Yahoo Finance RSS,positive,0.8863,0.8863,0.0203,0.0933
GOOGL,2026-06-14,2026-06-14 07:25:00,Alphabet is Raising $84.75 Billion to Win the AI Wars. Should Investors Celebrate or Worry?,Alphabet is finding new ways to fund its $180 billion to $190 billion AI budget.,https://www.fool.com/investing/2026/06/14/alphabet-is-raising-8475-billion-to-win-the-ai-war/?.tsrc=rss,Yahoo Finance RSS,positive,0.5539,0.5539,0.0117,0.4344
GOOGL,2026-06-13,2026-06-13 23:23:20,The hottest debate on Wall Street right now: Does the flood of mega-IPOs and new shares signal a downturn ahead? That depends,"""The reason is that companies tend to issue when equity demand is strong, earnings momentum is healthy and investor risk appetite is elevated.""",https://finance.yahoo.com/markets/stocks/articles/hottest-debate-wall-street-now-232320473.html?.tsrc=rss,Yahoo Finance RSS,negative,-0.8293,0.0417,0.8293,0.129
GOOGL,2026-06-13,2026-06-13 22:10:28,Alphabet’s New SpaceX Exposure Adds A Fresh Dimension To Its Story,"Alphabet's long held private stake in SpaceX has become a publicly traded position following SpaceX's historic IPO. The IPO turns Alphabet's multi billion dollar SpaceX investment into a liquid asset with a transparent market price. Investors can now see Alphabet's exposure to the commercial space and space focused AI cloud sector reflected in daily trading data. Alphabet (NasdaqGS:GOOGL) now has a directly observable stake in one of the highest profile space infrastructure companies, which...",https://finance.yahoo.com/markets/stocks/articles/alphabet-spacex-exposure-adds-fresh-221028186.html?.tsrc=rss,Yahoo Finance RSS,positive,0.4995,0.4995,0.0086,0.4919
AMZN,2026-06-14,2026-06-14 19:58:52,Amazon.com Inc. (AMZN) Shows How Logistics Scale Can Become a Broader E-Commerce Service,"Amazon.com, Inc. (NASDAQ:AMZN) is one of the best e-commerce stocks to buy as global sales hit records. The company’s advantage in online retail has long been tied to fulfillment depth, and Amazon is now pushing more of that logistics infrastructure beyond its own marketplace. On June 10, Amazon Supply Chain Services launched a less-than-truckload freight […]",https://finance.yahoo.com/markets/stocks/articles/amazon-com-inc-amzn-shows-195852040.html?.tsrc=rss,Yahoo Finance RSS,neutral,0.0,0.3879,0.0101,0.602
AMZN,2026-06-14,2026-06-14 18:17:00,Kohl's CEO triggers major price cuts ahead of summer shopping season,"In 2015, Amazon held the first-ever Prime Day, a 24-hour savings bonanza that marked the online retailer’s 20th anniversary. That singular event changed the landscape of seasonal sales. Where department stores used to hold end-of-season discounting events twice a year, typically in August and ...",https://www.thestreet.com/retail/kohls-ceo-major-price-cuts-summer-savings-event?.tsrc=rss,Yahoo Finance RSS,negative,-0.7352,0.0481,0.7352,0.2167
AMZN,2026-06-14,2026-06-14 15:50:00,Meet the E-Commerce Stock That's Up 25% in 2026. Is It a Better Buy Than Amazon?,"The retail sector is absolutely massive, which means companies of all sizes are fighting for a share of consumers' wallets.",https://www.fool.com/investing/2026/06/14/e-commerce-stock-up-2026-better-buy-amazon/?.tsrc=rss,Yahoo Finance RSS,neutral,0.0,0.1181,0.0444,0.8375
AMZN,2026-06-14,2026-06-14 15:00:02,Corning’s Amazon Deal Validates the AI Optics Boom. What That Means for GLW Stock.,Corning’s latest Amazon agreement strengthens the case that fiber optics demand is becoming a major AI infrastructure growth driver.,https://www.barchart.com/story/news/2461973/cornings-amazon-deal-validates-the-ai-optics-boom-what-that-means-for-glw-stock?.tsrc=rss,Yahoo Finance RSS,positive,0.8569,0.8569,0.0101,0.133
AMZN,2026-06-14,2026-06-14 13:53:07,Coinbase's D'Agostino reveals the plan to put all of finance on one app,"Amazon started by selling books. Then it sold everything, and along the way it rebuilt the infrastructure that the rest of retail now runs on. That is the lens James Heckman, CEO of Roundtable, put to Coinbase in a conversation on the floor of the New York Stock Exchange, a company that started by ...",https://www.thestreet.com/crypto/markets/coinbases-dagostino-reveals-the-plan-to-put-all-of-finance-on-one-app?.tsrc=rss,Yahoo Finance RSS,neutral,0.0,0.0659,0.0144,0.9198
AMZN,2026-06-14,2026-06-14 09:45:00,Forget SpaceX: 3 Stocks That Are Brilliant Buys Right Now,There are several stocks that look like better ideas than SpaceX.,https://www.fool.com/investing/2026/06/14/forget-spacex-3-stocks-that-are-brilliant-buys-rig/?.tsrc=rss,Yahoo Finance RSS,neutral,0.0,0.1027,0.0183,0.879
AMZN,2026-06-14,2026-06-14 09:00:00,Nexstar CEO: big tech swallowed local newspapers. Local TV could be next,"I started with one television station in Scranton over 30 years ago, now I employ nearly thousands of journalists coast to coast.",https://finance.yahoo.com/economy/policy/articles/nexstar-ceo-big-tech-swallowed-090000524.html?.tsrc=rss,Yahoo Finance RSS,neutral,0.0,0.0771,0.0144,0.9084
AMZN,2026-06-14,2026-06-14 07:13:50,Pinterest Links Amazon Storefronts And AWS To Support AI Shopping,"Pinterest (NYSE:PINS) is rolling out Amazon Storefront linking for creators, allowing direct integration of Amazon influencer profiles into Pinterest. The company is also expanding its multi billion dollar partnership with Amazon Web Services to support AI and visual discovery features. Together, these updates aim to strengthen Pinterest's position as a product discovery and shopping platform for users, creators, and brands. Pinterest sits at the intersection of visual inspiration, product...",https://finance.yahoo.com/markets/stocks/articles/pinterest-links-amazon-storefronts-aws-071350530.html?.tsrc=rss,Yahoo Finance RSS,positive,0.8346,0.8346,0.0069,0.1585
AMZN,2026-06-13,2026-06-13 19:25:11,"Amazon.com, Inc. (AMZN) Pursues Canadian Bond to Finance $200B AI Data Center Investment Spree","Amazon.com, Inc. (NASDAQ:AMZN) is one of the most promising growth stocks to buy now. On June 8, Amazon.com, Inc. (NASDAQ:AMZN) completed the sale of C$14 billion ($10 billion) in investment-grade bonds in Canada. It marked the largest corporate bond offering in Canadian dollars, attracting C$28 billion in orders from investors amid strong global demand for […]",https://finance.yahoo.com/markets/stocks/articles/amazon-com-inc-amzn-pursues-192511149.html?.tsrc=rss,Yahoo Finance RSS,positive,0.8202,0.8202,0.0096,0.1702
AMZN,2026-06-13,2026-06-13 17:35:00,Costco vs. Walmart vs. Amazon: Which Stock Is the Smartest Buy in 2026?,"If you can only pick one, here's how you decide between Costco, Walmart, and Amazon.",https://www.fool.com/investing/2026/06/13/costco-vs-walmart-vs-amazon-which-stock-is-the-sma/?.tsrc=rss,Yahoo Finance RSS,neutral,0.0,0.0362,0.0316,0.9322
AMZN,2026-06-13,2026-06-13 17:07:00,Walmart makes major move to lure customers from Amazon Prime Day,"Walmart is ramping up its efforts to prevent customers from flocking to Amazon’s upcoming Prime Day event, which offers steep discounts across multiple product categories. Last year, Amazon Prime Day drove $24.1 billion in online spend across U.S. retailers, representing 30.3% year-over-year ...",https://www.thestreet.com/retail/walmart-makes-major-move-to-keep-customers-away-from-amazon?.tsrc=rss,Yahoo Finance RSS,positive,0.9234,0.9234,0.0249,0.0518
AMZN,2026-06-13,2026-06-13 16:33:00,Closed Rite Aid stores get surprising retail replacement,"When Rite Aid, a major pharmacy retailer, filed for Chapter 11 bankruptcy a second time in 2025, it led to the shuttering of its 1,250 locations. Over time, many were sold to competitors like CVS and Walgreens, and some spaces were taken up by retailers such as Kroger and Albertsons. But some ...",https://www.thestreet.com/retail/closed-rite-aid-stores-get-surprising-retail-replacement-whole-foods?.tsrc=rss,Yahoo Finance RSS,negative,-0.9318,0.0095,0.9318,0.0587
NVDA,2026-06-14,2026-06-14 22:30:00,Longtime SpaceX Investor Cathie Wood Made This Move on IPO Day. Should You Follow?,The Ark Venture Fund was an early investor in the space giant.,https://www.fool.com/investing/2026/06/14/longtime-spacex-investor-cathie-wood-made-this-mov/?.tsrc=rss,Yahoo Finance RSS,neutral,0.0,0.0597,0.0123,0.928
NVDA,2026-06-14,2026-06-14 21:20:00,Are You Missing the Boat on This AI Stock That's Up 104% This Year?,"Despite the surging stock price, it is still a bargain.",https://www.fool.com/investing/2026/06/14/are-you-missing-the-boat-on-this-ai-stock-thats-up/?.tsrc=rss,Yahoo Finance RSS,positive,0.766,0.766,0.0239,0.2102
NVDA,2026-06-14,2026-06-14 20:53:57,Tech Shakeup on the S&P 500,"The S&amp;P 500 index is removing Pool Corp and Campbell Soup, replacing them with Marvell Technology and Flex. The team discusses what this means for investors.",https://www.fool.com/investing/2026/06/14/tech-shakeup-on-the-s-and-p-500/?.tsrc=rss,Yahoo Finance RSS,neutral,0.0,0.0245,0.2357,0.7398
NVDA,2026-06-14,2026-06-14 20:52:00,Should You Buy VOO While the Market Is Near All-Time Highs?,The Vanguard S&amp;P 500 ETF just passed $1 trillion in assets.,https://www.fool.com/investing/2026/06/14/should-buy-voo-etf-while-market-near-high/?.tsrc=rss,Yahoo Finance RSS,neutral,0.0,0.201,0.0185,0.7805
NVDA,2026-06-14,2026-06-14 20:33:00,Here's How to Snag a 20% Dividend Yield,"It can take time, but you'll be paid to wait.",https://www.fool.com/investing/2026/06/14/heres-how-to-snag-a-20-dividend-yield/?.tsrc=rss,Yahoo Finance RSS,neutral,0.0,0.05,0.0251,0.9249
NVDA,2026-06-14,2026-06-14 20:25:25,The Invisible Layer Protecting the World's Biggest Companies,Zscaler's CFO discusses the challenges facing cybersecurity in an age of agentic AI.,https://www.fool.com/investing/2026/06/14/the-invisible-layer-protecting-the-worlds-biggest-companies/?.tsrc=rss,Yahoo Finance RSS,neutral,0.0,0.0606,0.0272,0.9122
NVDA,2026-06-14,2026-06-14 20:20:00,Oracle Stock Dips Despite Continued Strong Backlog Growth. Should Investors Buy the Stock on the Dip?,Investors continue to worry about the return Oracle will get on its AI infrastructure spending.,https://www.fool.com/investing/2026/06/14/oracle-stock-dips-despite-continued-strong-backlog/?.tsrc=rss,Yahoo Finance RSS,negative,-0.9717,0.0085,0.9717,0.0198
NVDA,2026-06-14,2026-06-14 20:07:00,Millions of Americans Are Retiring Earlier Than They'd Planned To -- Here's Why,You may face multiple problems if you're forced to retire early.,https://www.fool.com/retirement/2026/06/14/millions-of-americans-retiring-earlier-than-plan/?.tsrc=rss,Yahoo Finance RSS,negative,-0.7029,0.0202,0.7029,0.2769
NVDA,2026-06-14,2026-06-14 19:44:42,NVIDIA (NVDA): AI Factory Demand Shows How Growth Can Stay High Without Balance Sheet Strain,"NVIDIA Corporation (NASDAQ:NVDA) is one of the high growth low debt stocks to invest in right now. The company fits the list because demand for AI infrastructure is still driving exceptional growth, while NVIDIA continues to carry a balance sheet with far more financial strength than debt burden. On May 20, NVIDIA Corporation (NASDAQ:NVDA) reported […]",https://finance.yahoo.com/markets/stocks/articles/nvidia-nvda-ai-factory-demand-194442636.html?.tsrc=rss,Yahoo Finance RSS,positive,0.5916,0.5916,0.0115,0.3969
NVDA,2026-06-14,2026-06-14 19:28:36,Vertiv (VRT): Digital Twin Work Shows How AI Factories Are Becoming an Infrastructure Story,"Vertiv Holdings Co (NYSE:VRT) is one of the best AI networking stocks to buy according to analysts. The company gave investors a fresh AI infrastructure angle on June 1, when it announced progress on a production-grade digital twin capability for Vertiv SmartRun integrated into the NVIDIA Omniverse DSX Blueprint. The system is designed to make […]",https://finance.yahoo.com/sectors/technology/articles/vertiv-vrt-digital-twin-shows-192836381.html?.tsrc=rss,Yahoo Finance RSS,positive,0.7171,0.7171,0.0085,0.2744
NVDA,2026-06-14,2026-06-14 19:27:00,Best Altcoins to Buy in 2026,Most cryptocurrencies do the same thing with different logos. A few actually add value to the ecosystem. These two are poised to perform in the long run.,https://www.fool.com/investing/2026/06/14/best-altcoins-to-buy-in-2026/?.tsrc=rss,Yahoo Finance RSS,neutral,0.0,0.4816,0.0091,0.5094
NVDA,2026-06-14,2026-06-14 19:08:18,"Jim Cramer Asserts NVIDIA (NVDA), Not SpaceX, Is The “Key” To The Market","We recently published Jim Cramer Didn’t Hold Back On SpaceX’s IPO & Discussed These 12 Stocks. NVIDIA Corporation (NASDAQ:NVDA) is one of the stocks discussed by Jim Cramer. NVIDIA Corporation (NASDAQ:NVDA)’s shares are up by 40% over the past year and by 7.4% year-to-date. It is one of Cramer’s favorite stocks, as he has continued […]",https://finance.yahoo.com/markets/stocks/articles/jim-cramer-asserts-nvidia-nvda-190818710.html?.tsrc=rss,Yahoo Finance RSS,positive,0.6728,0.6728,0.0121,0.3151
NVDA,2026-06-14,2026-06-14 19:05:00,Is SpaceX Stock Your Ticket to Becoming a Millionaire?,SpaceX and Tesla are both led by Elon Musk.,https://www.fool.com/investing/2026/06/14/is-spacex-stock-your-ticket-to-becoming-a-milliona/?.tsrc=rss,Yahoo Finance RSS,neutral,0.0,0.0421,0.0147,0.9431
NVDA,2026-06-14,2026-06-14 18:50:00,"For the First Time in Over 155 Years, the Stock Market May Be Headed Here -- and It's Not Good News for Investors",History is giving investors a reason to pause.,https://www.fool.com/investing/2026/06/14/for-the-first-time-in-155-years-the-stock-market/?.tsrc=rss,Yahoo Finance RSS,negative,-0.5041,0.0622,0.5041,0.4337
NVDA,2026-06-14,2026-06-14 18:20:00,"This Little-Known Healthcare Stock Is Up 90% This Year, and the Party Might Just Be Getting Started",Investors are still underrating this insurance disrupter.,https://www.fool.com/investing/2026/06/14/little-known-healthcare-stock-up-oscr/?.tsrc=rss,Yahoo Finance RSS,neutral,0.0,0.3555,0.2236,0.4209
NVDA,2026-06-14,2026-06-14 18:05:00,"If You Only Buy One Dividend ETF, Make It This One",This ETF has a 5% yield and market-beating returns.,https://www.fool.com/investing/2026/06/14/if-you-only-buy-one-dividend-etf-make-it-this-one/?.tsrc=rss,Yahoo Finance RSS,neutral,0.0,0.2038,0.012,0.7841
NVDA,2026-06-14,2026-06-14 17:50:00,"As Artificial Intelligence (AI) Stocks Drive the Market Higher, Is Now the Time to Buy? These 9 Words From Warren Buffett Might Change Your Mind.",Are you greedy or fearful? The Oracle of Omaha has some thoughts on that.,https://www.fool.com/investing/2026/06/14/as-ai-stocks-drive-the-market-higher-is-now/?.tsrc=rss,Yahoo Finance RSS,neutral,0.0,0.0441,0.0483,0.9076
TSLA,2026-06-14,2026-06-14 20:07:13,Tesla Merger Talk With SpaceX Reshapes AI And Investor Outlook,"Speculation around a potential Tesla and SpaceX merger has intensified following SpaceX's recent IPO and public comments from its president treating the idea as a real possibility. Prediction markets, company filings and several high profile analysts now treat a merger as a credible scenario, rather than a fringe rumor. Any move to combine Tesla and SpaceX could reshape how investors think about NasdaqGS:TSLA, including its business mix, capital needs and exposure to AI and advanced...",https://finance.yahoo.com/markets/stocks/articles/tesla-merger-talk-spacex-reshapes-200713727.html?.tsrc=rss,Yahoo Finance RSS,neutral,0.0,0.3489,0.0667,0.5844
TSLA,2026-06-14,2026-06-14 18:01:26,Will Elon Musk Merge SpaceX And Tesla In 2026? Crypto Prediction Market Isn't Ruling Out The Possibility,Punters on prediction markets are ramping up bets that Elon Musk may eventually combine Tesla Inc. and SpaceX into one entity. What’s Happening On Polymarket And Kalshi? Polygon-based Polymarket assigned a 38% chance that the two companies will officially merge...,https://finance.yahoo.com/markets/stocks/articles/elon-musk-merge-spacex-tesla-180126715.html?.tsrc=rss,Yahoo Finance RSS,neutral,0.0,0.1371,0.0276,0.8353
TSLA,2026-06-14,2026-06-14 17:36:49,Car owners caught in government fight that could cost them big,"President Donald Trump has come out in support of the REPAIR Act, a bill making its way through Congress that would ensure a car owner's right to repair and modify their vehicles without artificial barriers imposed by car manufacturers. According to some consumer advocacy groups, original equipment ...",https://www.thestreet.com/automotive/car-owners-delay-buying-new-cars?.tsrc=rss,Yahoo Finance RSS,neutral,0.0,0.2107,0.0586,0.7306
TSLA,2026-06-14,2026-06-14 16:30:55,Elon Musk Is A Stone's Throw Away From Becoming The World's First Trillionaire As SpaceX IPO Sends His Net Worth Soaring,Tesla Inc. CEO Elon Musk is on the verge of becoming the world’s first trillionaire as his space venture SpaceX’s blockbuster initial public offering pushed his estimated fortune to within $29 billion of the historic milestone. SpaceX IPO Drives Musk’s...,https://finance.yahoo.com/markets/stocks/articles/elon-musk-stones-throw-away-163055086.html?.tsrc=rss,Yahoo Finance RSS,positive,0.5612,0.5612,0.0273,0.4115
TSLA,2026-06-14,2026-06-14 16:30:00,Elon Musk's $1 trillion fortune is so vast that Jeff Bezos is now closer in wealth to the average American,"SpaceX founder Elon Musk just became the first person in history to surpass a net worth of $1 trillion, putting him in a wealth category of his own.",https://finance.yahoo.com/markets/stocks/articles/elon-musks-1-trillion-fortune-163000095.html?.tsrc=rss,Yahoo Finance RSS,neutral,0.0,0.0911,0.0179,0.8911
TSLA,2026-06-14,2026-06-14 16:03:00,Rivian CEO reveals a costly mistake EV rivals keep making,"Rivian (RIVN) is finally moving into the part of the electric vehicle market that could determine its future. The electric vehicle business is delivering its new R2 SUV, a more compact, affordable car that many investors view as Rivian’s greatest hope for breaking out of its niche as a builder of ...",https://www.thestreet.com/automotive/rivian-ceo-reveals-a-costly-mistake-ev-rivals-keep-making?.tsrc=rss,Yahoo Finance RSS,positive,0.7792,0.7792,0.0095,0.2113
TSLA,2026-06-14,2026-06-14 15:58:00,Piper Sandler Says Tesla Has Cracked Self-Driving Technology Challenge (TSLA),"Analyst Sees Tesla Reaching Level 4 Autonomy in Most SituationsPiper Sandler analyst Alexander Potter believes Tesla (NASDAQ:TSLA) has largely achieved Level 4 autonomous driving capability, arguing that the company has overcome the key technological hurdles required for self-driving vehicles despite ongoing doubts from investors and industry observers. In a note to clients, Potter outlined six factors supporting his view that Tesla has effectively reached a stage where its Full Self-Driving (FS",https://investorshub.advfn.com/market-news/article/30378/piper-sandler-says-tesla-has-cracked-self-driving-technology-challenge-tsla?.tsrc=rss,Yahoo Finance RSS,positive,0.9442,0.9442,0.0118,0.044
TSLA,2026-06-14,2026-06-14 12:05:00,OpenAI Just Launched a Robotics Division. Should Tesla Investors Be Worried?,"ChatGPT's parent isn't an immediate threat. The fact that it's planning on entering the market at all, however, underscores the idea that Tesla isn't going to be in this business all by itself.",https://www.fool.com/investing/2026/06/14/openai-launch-robotics-division-tesla-worry/?.tsrc=rss,Yahoo Finance RSS,neutral,0.0,0.1297,0.0447,0.8256
TSLA,2026-06-14,2026-06-14 07:33:34,SpaceX Surge Further Boosts Saudi Billionaire Prince’s Fortune,"(Bloomberg) -- Friday’s debut share surge for SpaceX is bolstering the fortunes of one of Saudi Arabia’s richest men. Most Read from BloombergIran Signals No Deal Will Be Signed by Trump’s Sunday TimelineWhy Musk Raced to Take SpaceX Public in the World’s Biggest IPOTrump Eyes Sunday Iran Deal But Tehran Says Still Reviewing TextUS Wants to Avoid Congressional Vote on Trade Deal, Carney SaysIran Pushes Differing Deal Versions as US Sticks to TimelinePrince Alwaleed bin Talal’s investment firm Ki",https://finance.yahoo.com/markets/stocks/articles/spacex-surge-further-boosts-saudi-073334902.html?.tsrc=rss,Yahoo Finance RSS,positive,0.7914,0.7914,0.0403,0.1683
TSLA,2026-06-14,2026-06-14 02:53:00,Can Rivian Beat Tesla in the Long Term?,Rivian began delivering its affordable R2 fleet this week in a push to bring the company to the mainstream.,https://www.fool.com/investing/2026/06/13/can-rivian-beat-tesla-in-the-long-term/?.tsrc=rss,Yahoo Finance RSS,positive,0.8721,0.8721,0.0065,0.1214
TSLA,2026-06-14,2026-06-14 01:31:00,"Elon Musk Is Now the World's First Trillionaire. For Tesla Shareholders, the More Important Question Is What Comes Next.",A second Musk-led megacap is now publicly traded -- and that quietly changes a few things for the electric-car maker's investors.,https://www.fool.com/investing/2026/06/13/elon-musk-is-now-the-worlds-first-trillionaire-for/?.tsrc=rss,Yahoo Finance RSS,neutral,0.0,0.0734,0.0528,0.8738
TSLA,2026-06-13,2026-06-13 18:17:00,Former Tesla board member issues candid message on SpaceX stock,"Venture capitalist Steve Westly says SpaceX is ""three moonshots in one company"" and the math only works if most of them pay off. On June 12, SpaceX (SPCX) just pulled off the biggest initial public offering in stock market history. The company raised $75 billion, priced shares at $135 each, ...",https://www.thestreet.com/investing/stocks/spcx-spacex-stock-justify-2-billion-valuation?.tsrc=rss,Yahoo Finance RSS,neutral,0.0,0.1429,0.0205,0.8365
TSLA,2026-06-13,2026-06-13 15:20:42,Cathie Wood Buys 3.3 Million SpaceX Shares On IPO Day,Cathie Wood's firm ARK Invest staked a large position in Elon Musk's SpaceX on Friday. The firm already has a huge chunk of Tesla stock.,https://finance.yahoo.com/m/d06aeb26-91e1-3940-8138-aa75d4ef3209/cathie-wood-buys-3.3-million.html?.tsrc=rss,Yahoo Finance RSS,neutral,0.0,0.0801,0.0102,0.9096
TSLA,2026-06-13,2026-06-13 12:31:16,Gary Black Predicts TSLA Selling Ahead Of SpaceX IPO—Ross Gerber Says Investors Treating It Like 'Free Money',"The upcoming SpaceX IPO, which is scheduled to kick off on Friday, June 12, could result in Tesla Inc. investors exiting their positions in the EV giant, according to investor Gary Black of The Future Fund LLC. Investors To ‘Lighten’...",https://finance.yahoo.com/markets/stocks/articles/gary-black-predicts-tsla-selling-123116556.html?.tsrc=rss,Yahoo Finance RSS,negative,-0.5313,0.0306,0.5313,0.4381
TSLA,2026-06-13,2026-06-13 12:10:55,ArcBest Expands Tesla Semi Fleet As EV Trials Meet Core Freight Goals,"ArcBest's ABF Freight unit is expanding its electric trucking program with new Tesla Semi trucks beyond its initial California and Nevada pilot route. This move shifts the Tesla Semi use from a limited trial to broader deployment across more of ArcBest's network. Early feedback points to a positive driver experience and solid operational performance for the electric trucks. For investors following NasdaqGS:ARCB, this development adds another piece to the story around how the company is...",https://finance.yahoo.com/markets/stocks/articles/arcbest-expands-tesla-semi-fleet-121055197.html?.tsrc=rss,Yahoo Finance RSS,positive,0.9251,0.9251,0.0094,0.0655
META,2026-06-14,2026-06-14 16:59:59,CoreWeave Just Raised $3.5 Billion. How to Play the AI Stock Here.,"Despite explosive revenue growth and a $99.4 billion backlog, CoreWeave's rising losses and heavy spending continue to divide Wall Street.",https://www.barchart.com/story/news/2462418/coreweave-just-raised-3-5-billion-how-to-play-the-ai-stock-here?.tsrc=rss,Yahoo Finance RSS,negative,-0.6654,0.2285,0.6654,0.1061
META,2026-06-14,2026-06-14 14:30:50,3 Uranium Stocks Worth Buying as Nuclear Heats up in June,"Nuclear’s narrative shifted from theory to commitment this spring, and June is where capital flows show up in fundamentals. Thirty-eight countries have pledged to triple nuclear capacity by 2050, Meta has signed agreements for up to 6.6 GWe of nuclear, and the U.S. Department of Energy is offering up to $26.5 billion in loan guarantees ... 3 Uranium Stocks Worth Buying as Nuclear Heats up in June",https://247wallst.com/investing/2026/06/14/3-uranium-stocks-worth-buying-as-nuclear-heats-up-in-june/?.tsrc=rss,Yahoo Finance RSS,positive,0.6215,0.6215,0.0171,0.3614
META,2026-06-14,2026-06-14 13:31:06,"Elizabeth Warren Slams Mark Zuckerberg Sailing Luxury Yacht Into Seattle As Meta Axes 1,400 Jobs: 'Nothing Says Our Economy Is Broken' More Clearly","On Thursday, Sen. Elizabeth Warren (D-Mass.) criticized Meta Platforms, Inc. CEO Mark Zuckerberg after his reported $300 million superyacht appeared in Seattle around the same time the company disclosed plans to cut nearly 1,400 jobs in Washington state. Warren Targets...",https://finance.yahoo.com/economy/articles/elizabeth-warren-slams-mark-zuckerberg-133106642.html?.tsrc=rss,Yahoo Finance RSS,negative,-0.9574,0.0105,0.9574,0.0321
META,2026-06-14,2026-06-14 03:09:28,AMD Meta AI Chip Pact Puts Data Center Growth And Valuation In Focus,"AMD (NasdaqGS:AMD) has agreed its largest AI chip deal to date with Meta Platforms, tied to a multi-year 6-gigawatt Instinct GPU rollout. The agreement includes up to 160 million share warrants for Meta, linked to shipment milestones that could result in roughly 10% dilution for existing shareholders. AMD plans to ramp shipments of its MI450 AI accelerators in 2026, with deployments expected at Meta and OpenAI. For investors following AMD’s data center story, this deal puts AI accelerators...",https://finance.yahoo.com/markets/stocks/articles/amd-meta-ai-chip-pact-030928701.html?.tsrc=rss,Yahoo Finance RSS,positive,0.8867,0.8867,0.0104,0.1029
META,2026-06-14,2026-06-14 00:03:49,Meta reportedly moves to unwind $2B Manus deal after Beijing’s demand,Meta starts dismantling its $2 billion Manus acquisition after Beijing ordered the deal reversed.,https://finance.yahoo.com/sectors/technology/articles/meta-reportedly-moves-unwind-2b-000349014.html?.tsrc=rss,Yahoo Finance RSS,negative,-0.7869,0.0237,0.7869,0.1894
META,2026-06-13,2026-06-13 16:57:33,"Is Advanced Micro Devices, Inc. (AMD) A Good Stock To Buy Now?","Is AMD a good stock to buy? We came across a bullish thesis on Advanced Micro Devices, Inc. on Beyond the Noise’s Substack by Cristobal Botanch. In this article, we will summarize the bulls’ thesis on AMD. Advanced Micro Devices, Inc.’s share was trading at $490.33 as of June 8th. AMD’s trailing and forward P/E were 155.46 […]",https://finance.yahoo.com/markets/stocks/articles/advanced-micro-devices-inc-amd-165733720.html?.tsrc=rss,Yahoo Finance RSS,neutral,0.0,0.0528,0.0222,0.925
META,2026-06-13,2026-06-13 15:23:00,"SpaceX Stock Closed Up 19% in Its First Day Of Trading. Should Investors Buy, or Wait for the Hype to Cool?",The most anticipated debut in years is now trading. The harder question is whether the entry point makes sense after a big first-day pop.,https://www.fool.com/investing/2026/06/13/spacex-stock-closed-up-19-in-its-first-day-of-trad/?.tsrc=rss,Yahoo Finance RSS,neutral,0.0,0.165,0.0204,0.8147
META,2026-06-13,2026-06-13 15:20:00,Why Meta Platforms Might Be a Good Buy Right Now,Regulatory and spending challenges shouldn't scare away investors.,https://www.fool.com/investing/2026/06/13/why-meta-platforms-might-be-a-good-buy-right-now/?.tsrc=rss,Yahoo Finance RSS,neutral,0.0,0.1752,0.0152,0.8096
META,2026-06-13,2026-06-13 15:00:03,Amazon Just Made Its Graviton5 Processor Generally Available to Customers. What This Means for AMZN Stock.,Amazon's Graviton5 processor can advance its custom silicon strategy designed to deliver better performance and lower costs for AWS workloads and AI infrastructure.,https://www.barchart.com/story/news/2455494/amazon-just-made-its-graviton5-processor-generally-available-to-customers-what-this-means-for-amzn-stock?.tsrc=rss,Yahoo Finance RSS,positive,0.872,0.872,0.0066,0.1215
META,2026-06-13,2026-06-13 14:40:00,"The Great, Big, Boring SpaceX IPO","The SpaceX initial public offering was expected to deliver exciting twists and turns, fireworks, and flare-ups—the kind of drama usually reserved for a summer thriller.  The public debut of SpaceX—officially  Space Exploration Technologies  — portended different things to different investors but was significant for all.  To others, it represented a gateway to an artificial intelligence-fueled utopia, in which SpaceX is worth trillions.",https://finance.yahoo.com/m/8bcb2f85-67f3-3954-9e6d-6b629388e7b7/the-great%2C-big%2C-boring-spacex.html?.tsrc=rss,Yahoo Finance RSS,neutral,0.0,0.0804,0.0213,0.8983
META,2026-06-13,2026-06-13 14:30:37,3 Semiconductor Stocks to Buy While They Are Down in June,"Semiconductor leaders are coming into June 2026 with a fresh dent in the chart after a spring run that pushed valuations to uncomfortable levels. The trigger was Broadcom’s Q3 AI revenue guide, which came in at $16 billion versus analyst expectations near $17.2 billion and dragged the entire AI chip complex lower. The PHLX chip ... 3 Semiconductor Stocks to Buy While They Are Down in June",https://247wallst.com/investing/2026/06/13/3-semiconductor-stocks-to-buy-while-they-are-down-in-june/?.tsrc=rss,Yahoo Finance RSS,negative,-0.9287,0.0357,0.9287,0.0356
META,2026-06-13,2026-06-13 14:00:02,Nvidia CEO Jensen Huang Isn’t Worried About the Chip Rout. The Numbers Back Him Up on NVDA Stock.,Huang views the ongoing semiconductor selloff as a prime buying opportunity.,https://www.barchart.com/story/news/2455164/nvidia-ceo-jensen-huang-isnt-worried-about-the-chip-rout-the-numbers-back-him-up-on-nvda-stock?.tsrc=rss,Yahoo Finance RSS,neutral,0.0,0.2163,0.0188,0.7649
JPM,2026-06-14,2026-06-14 19:30:00,Lumentum (LITE): JPMorgan Pushback Helps Keep the AI Optical Networking Case Intact,"Lumentum Holdings Inc. (NASDAQ:LITE) is one of the best AI networking stocks to buy according to analysts. On June 11, JPMorgan reiterated an Overweight rating on the stock and maintained its price target after a recent pullback in optical networking names. The firm argued that investor concerns around co-packaged optics adoption were overdone, a useful […]",https://finance.yahoo.com/markets/stocks/articles/lumentum-lite-jpmorgan-pushback-helps-193000476.html?.tsrc=rss,Yahoo Finance RSS,positive,0.8501,0.8501,0.0601,0.0898
JPM,2026-06-14,2026-06-14 17:47:00,Top investment bank resets Adobe target as AI strategy backfires,"Adobe (ADBE), the software maker behind Photoshop and Acrobat, beat earnings estimates for its May quarter and lifted its full-year guidance. However, the company told Wall Street that it would grow a bit more slowly this year, even as it reported record sales. Investors sold ADBE on the news, ...",https://www.thestreet.com/investing/stocks/top-investment-bank-resets-adobe-target-as-ai-strategy-backfires?.tsrc=rss,Yahoo Finance RSS,positive,0.9465,0.9465,0.0295,0.024
JPM,2026-06-14,2026-06-14 10:10:10,Why Cheesecake Factory (CAKE) Is Up 13.8% After Q1 Beat And JPMorgan Upgrade - And What's Next,"Earlier this week, The Cheesecake Factory reported strong first-quarter 2026 results, including a 1.6% increase in same-store sales and earnings that exceeded analyst expectations, followed by a ratings upgrade from JPMorgan. This combination of improving operational performance and a more favorable analyst view has sharpened investor focus on the company’s profit margin outlook. Now, we'll explore how the stronger first-quarter margins and sales performance might influence The Cheesecake...",https://finance.yahoo.com/markets/stocks/articles/why-cheesecake-factory-cake-13-101010493.html?.tsrc=rss,Yahoo Finance RSS,positive,0.9572,0.9572,0.0165,0.0264
JPM,2026-06-13,2026-06-13 17:59:53,JPMorgan Chase & Co. (JPM) CEO Marianne Lake Expects 2026 Loan Growth To Exceed The Industry Average,"JPMorgan Chase & Co. (NYSE:JPM) carries a profit margin of 31.50% and net income of $57.05 billion (FY25), securing its place on our list of the most profitable blue chip stocks to buy according to hedge funds, with analysts seeing 7.50% upside for the stock. That financial strength comes alongside a legal win for the […]",https://finance.yahoo.com/markets/stocks/articles/jpmorgan-chase-co-jpm-ceo-175953605.html?.tsrc=rss,Yahoo Finance RSS,positive,0.9425,0.9425,0.0128,0.0447
JPM,2026-06-13,2026-06-13 12:00:00,"CNBC anchor stunned by $107B US trade deficit drop: ‘Buckle up, this is unreal!’ Are Trump’s tariffs a triumph?","""Imports were down and exports were up.”",https://finance.yahoo.com/economy/policy/articles/cnbc-anchor-stunned-107b-us-120000399.html?.tsrc=rss,Yahoo Finance RSS,negative,-0.9045,0.0765,0.9045,0.0191
JPM,2026-06-13,2026-06-13 07:18:37,JPMorgan Backs Bezos AI Startup Prometheus To Expand Industrial AI Reach,"JPMorgan Chase (NYSE:JPM) is a major backer of Jeff Bezos's AI industrial startup Prometheus, joining a US$12b funding round. The deal values Prometheus at US$41b and highlights growing Wall Street interest in AI for manufacturing and engineering. This move adds fresh exposure for JPMorgan to AI driven industrial technologies beyond its core banking operations. For you as an investor, this ties a large US bank directly to a high profile AI project in the industrial space, rather than...",https://finance.yahoo.com/markets/stocks/articles/jpmorgan-backs-bezos-ai-startup-071837184.html?.tsrc=rss,Yahoo Finance RSS,positive,0.8406,0.8406,0.0071,0.1524
JPM,2026-06-13,2026-06-13 05:35:00,JPMorgan Chase Is Eyeing 7% Net Interest Income Growth. Why That Goal Just Got Easier to Believe.,"JPMorgan Chase didn't raise its net interest income growth target after the first quarter, but it may consider it now.",https://www.fool.com/investing/2026/06/13/jpmorgan-chase-is-eyeing-7-net-interest-income-gro/?.tsrc=rss,Yahoo Finance RSS,positive,0.5584,0.5584,0.0152,0.4264
JPM,2026-06-13,2026-06-13 04:00:31,Goldman and JPMorgan ease office working rules to counter World Cup disruption,"Goldman Sachs and JPMorgan Chase are temporarily easing office attendance mandates for bankers during the World Cup, as commuters brace for transport...",https://finance.yahoo.com/economy/policy/articles/goldman-jpmorgan-ease-office-working-040031748.html?.tsrc=rss,Yahoo Finance RSS,negative,-0.9389,0.0205,0.9389,0.0406
JPM,2026-06-12,2026-06-12 21:57:27,SpaceX Strikes Rare Deal to Pay $0 to Bankers for IPO Greenshoe,"(Bloomberg) -- SpaceX, which had already negotiated to pay razor-thin fees on its record initial public offering, somehow managed to get an even better deal out of its investment bankers. Most Read from BloombergWhy Musk Raced to Take SpaceX Public in the World’s Biggest IPOTrump Eyes Sunday Iran Deal But Tehran Says Still Reviewing TextAnthropic Shuts Down Mythos Access After Sweeping US OrderUS Wants to Avoid Congressional Vote on Trade Deal, Carney SaysAir India Plans to Downsize With Owner T",https://finance.yahoo.com/news/spacex-strikes-rare-deal-to-pay-0-to-bankers-for-ipo-greenshoe-215727873.html?.tsrc=rss,Yahoo Finance RSS,positive,0.7807,0.7807,0.0484,0.1709
JPM,2026-06-12,2026-06-12 21:50:44,"As SpaceX Makes Musk Trillionaire, Some Dissent on NYC’s Streets","(Bloomberg) -- In New York City, the heart of financial capitalism, there were plenty of signs of excitement about SpaceX’s IPO, which set off a feeding frenzy on Wall Street and turned Elon Musk into the world’s first trillionaire.Most Read from BloombergWhy Musk Raced to Take SpaceX Public in the World’s Biggest IPOTrump Eyes Sunday Iran Deal But Tehran Says Still Reviewing TextAnthropic Shuts Down Mythos Access After Sweeping US OrderUS Wants to Avoid Congressional Vote on Trade Deal, Carney",https://finance.yahoo.com/markets/stocks/articles/spacex-makes-musk-trillionaire-dissent-215044114.html?.tsrc=rss,Yahoo Finance RSS,neutral,0.0,0.1281,0.0532,0.8187
JPM,2026-06-12,2026-06-12 20:08:28,Jeff Bezos’ New Venture Just Raised $12 Billion. He’s Betting AI Will Create a Physical Labor Shortage.,"Jeff Bezos is back in the headlines with a private-market raise for his industrial AI startup, Prometheus. The company just closed a $12 billion Series B at a $41 billion valuation, only about six months after emerging from stealth with $6.2 billion in funding. The new round was led by JPMorgan Chase (NYSE:JPM), Goldman Sachs ... Jeff Bezos’ New Venture Just Raised $12 Billion. He’s Betting AI Will Create a Physical Labor Shortage.",https://247wallst.com/investing/2026/06/12/jeff-bezos-new-venture-just-raised-12-billion-hes-betting-ai-will-create-a-physical-labor-shortage/?.tsrc=rss,Yahoo Finance RSS,neutral,0.0,0.1869,0.0463,0.7668
JPM,2026-06-12,2026-06-12 19:48:55,SpaceX IPO afterparty set to light up JPMorgan HQ,"JPMorgan will host a post-IPO celebration for SpaceX employees on the top floor of JPMorgan’s Manhattan headquarters on June 12. The event was envisioned by Jamie Dimon and pitched directly to Elon Musk. It features a custom rooftop light display designed by artist Leo Villareal and shown here as a render. It will include a SpaceX themed spread including SpaceX themed cocktails and a rocket cake. The bank, which just earned $75 million serving as a lead underwriter to the rocket company’s IPO, expects 250 SpaceX employees to attend.",https://finance.yahoo.com/video/spacex-ipo-afterparty-set-to-light-up-jpmorgan-hq-194855263.html?.tsrc=rss,Yahoo Finance RSS,neutral,0.0,0.0532,0.0149,0.9319
JPM,2026-06-12,2026-06-12 18:16:57,Shipowners On Edge for News on Hormuz as ‘Dark’ Oil Flows Swell,"(Bloomberg) -- Shipowners are watching warily for a peace deal between the US and Iran and what it would mean for the Strait of Hormuz, with some tanker owners expressing caution, while others were already predicting a frantic free-for-all if the waterway opens in earnest. Most Read from BloombergWhy Musk Raced to Take SpaceX Public in the World’s Biggest IPOSpaceX IPO Raises $75 Billion in Biggest Debut of All TimeSpaceX Shares Close 19% Higher After Historic $75 Billion IPOUS, Iran Edge Toward",https://finance.yahoo.com/sectors/energy/articles/shipowners-edge-news-hormuz-dark-181657159.html?.tsrc=rss,Yahoo Finance RSS,positive,0.8712,0.8712,0.0353,0.0935
JPM,2026-06-12,2026-06-12 14:14:00,Forget ‘Too Big to Fail.’ How ‘Community’ Became the Most Controversial Word in Banking.,"Regulators, lawmakers, and consumer groups are fighting over what it means to be a community bank. The debate has implications for lenders and borrowers everywhere.",https://finance.yahoo.com/m/12b0f745-8c9d-3748-a8ed-2efba5f3f355/forget-%E2%80%98too-big-to-fail.%E2%80%99-how.html?.tsrc=rss,Yahoo Finance RSS,negative,-0.5037,0.0283,0.5037,0.468
JPM,2026-06-12,2026-06-12 13:43:25,SpaceX’s Record IPO Is Said to Draw Over $350 Billion in Demand,"(Bloomberg) -- SpaceX’s historic $75 billion IPO drew more than $350 billion in demand from institutions and retail investors, according to people familiar with the matter.Most Read from BloombergSpaceX IPO Raises $75 Billion in Biggest Debut of All TimeUS, Iran Edge Toward Interim Deal Signing Close to G7 Next WeekXbox Plans Significant Layoffs as New CEO Plans OverhaulTrump Insists Iran Deal Is Close After Scrapping New StrikesSpaceX Shares Indicated More Than 35% Higher on Gray MarketsThe lar",https://finance.yahoo.com/markets/stocks/articles/spacex-record-ipo-said-draw-134325322.html?.tsrc=rss,Yahoo Finance RSS,negative,-0.8943,0.0369,0.8943,0.0689
JPM,2026-06-12,2026-06-12 12:54:20,Hedge funds dump Magnificent Seven stocks ahead of SpaceX IPO,"JPMorgan data show hedge funds cut positions in the biggest U.S. tech names, with some adding bearish bets, just before SpaceX began trading Friday",https://qz.com/hedge-funds-sell-magnificent-seven-spacex-ipo-061226?.tsrc=rss,Yahoo Finance RSS,negative,-0.9684,0.0095,0.9684,0.0221
JPM,2026-06-12,2026-06-12 12:12:00,Morgan Stanley Keeps M&A Door Open Amid $10T Wealth Push,"MS is keeping M&amp;A options open as it targets $10T in wealth assets, with deals likely focused on advisors, private markets and alternatives.",https://finance.yahoo.com/markets/stocks/articles/morgan-stanley-keeps-m-door-121200767.html?.tsrc=rss,Yahoo Finance RSS,neutral,0.0,0.2564,0.0264,0.7173
JPM,2026-06-12,2026-06-12 10:37:49,Should You Buy JPMorgan Chase & Co. (JPM)?,"JPMorgan Chase & Co. (NYSE:JPM) is one of the 13 Best Stocks to Invest In According to Billionaire Ken Griffin. Banking giant JPMorgan Chase & Co. (NYSE:JPM)’s shares are up by 16.6% over the past year and are down by 4.4% year-to-date. Its CEO, Jamie Dimon, makes regular media appearances. In an investor conference on […]",https://finance.yahoo.com/markets/stocks/articles/buy-jpmorgan-chase-co-jpm-103749758.html?.tsrc=rss,Yahoo Finance RSS,negative,-0.9633,0.0132,0.9633,0.0234
JPM,2026-06-12,2026-06-12 06:34:10,"Banks Curb Hedge Fund Bets on SK Hynix, Samsung After Rally","(Bloomberg) -- Global banks are curbing hedge funds’ leveraged bets on Asia’s top chipmakers including SK Hynix Inc. and Samsung Electronics Co. after a blistering rally this year raised concerns of a potential pullback, according to people familiar with the matter.Most Read from BloombergSpaceX IPO Raises $75 Billion in Biggest Debut of All TimeXbox Plans Significant Layoffs as New CEO Plans OverhaulTrump Insists Iran Deal Is Close After Scrapping New StrikesTrump Vows New Attacks on Iran, Thre",https://finance.yahoo.com/markets/stocks/articles/banks-curb-hedge-fund-bets-063410912.html?.tsrc=rss,Yahoo Finance RSS,negative,-0.9511,0.0132,0.9511,0.0356
JPM,2026-06-11,2026-06-11 22:33:00,"JPMorgan sends another message on strait of Hormuz, oil prices","Three months into the Iran war, one of the most discussed mysteries in global finance is why oil prices have not done what everyone said they would. The Strait of Hormuz has been effectively paralyzed since late February, with visible tanker traffic sitting at roughly 15% of pre-war levels, ...",https://www.thestreet.com/latest-news/jpmorgan-sends-another-message-on-strait-of-hormuz-oil-prices-economy?.tsrc=rss,Yahoo Finance RSS,negative,-0.7666,0.026,0.7666,0.2074
BAC,2026-06-14,2026-06-14 16:33:00,Bank of America revisits Oracle stock price target after post-earnings selloff,"Shares of Oracle (ORCL) tumbled 8.53% on June 11 as investors are concerned about the company's plans to raise more money to fund its AI buildout, overshadowing better-than-expected fiscal fourth-quarter results and a higher profit outlook announced a day earlier. On June 10, the 49-year-old cloud ...",https://www.thestreet.com/investing/stocks/bank-of-america-revisits-oracle-stock-price-target-after-post-earnings-selloff?.tsrc=rss,Yahoo Finance RSS,negative,-0.9676,0.0137,0.9676,0.0187
BAC,2026-06-14,2026-06-14 03:42:44,Bank of America Names Chip McLeod President of Upstate South Carolina,"Bank of America Corporation (NYSE:BAC) is included among the 10 Best Value Dividend Stocks to Buy Now According to Warren Buffett. On June 4, Bank of America Corporation (NYSE:BAC) announced the appointment of Chip McLeod, a Merrill Lynch Wealth Management senior resident director, as president of Upstate South Carolina. He takes over from Stacy Brandon, […]",https://finance.yahoo.com/markets/stocks/articles/bank-america-names-chip-mcleod-034244579.html?.tsrc=rss,Yahoo Finance RSS,neutral,0.0,0.0358,0.0362,0.9279
BAC,2026-06-13,2026-06-13 16:26:00,Intel Just Got a Rare Double Upgrade From Bank of America. Here's the AI Shift Behind the Call.,A two-notch upgrade is unusual on its own. What makes this one interesting is what it says about where AI spending may be heading next.,https://www.fool.com/investing/2026/06/13/intel-just-got-a-rare-double-upgrade-from-bank-of/?.tsrc=rss,Yahoo Finance RSS,neutral,0.0,0.0909,0.0214,0.8877
BAC,2026-06-13,2026-06-13 14:07:00,BofA reveals $3 billion reason to watch DraftKings now,"BofA Global Research spent this week quietly publishing something that matters a lot for sports betting investors. The firm’s June 11 gaming note argues that the FIFA World Cup, held on U.S. soil for the first time in over 30 years, is more than a seasonal payday for DraftKings (DKNG). It is a ...",https://www.thestreet.com/investing/stocks/bofa-3-billion-dollar-reason-to-watch-draftkings-dkng?.tsrc=rss,Yahoo Finance RSS,neutral,0.0,0.0915,0.0299,0.8786
BAC,2026-06-13,2026-06-13 11:03:00,Bank of America warns stock market may face a 1994-style shock,"TheStreet aims to feature only the best products and services. If you buy something via one of our links, we may earn a commission. Wall Street was betting big on Fed relief, but Bank of America sees a quiet risk brewing. The bank sees an unsettling 1994-style market setup, where inflationary ...",https://www.thestreet.com/investing/bank-of-america-warns-stock-market-may-face-a-1994-style-shock?.tsrc=rss,Yahoo Finance RSS,neutral,0.0,0.0716,0.4064,0.5219
BAC,2026-06-13,2026-06-13 11:00:00,BofA’s Hartnett Warns Bullish Positioning Remains Entrenched Despite 5% Bond Yields,"Bank of America strategist Michael Hartnett believes investors remain heavily committed to risk assets despite long-dated bond yields reaching 5%, although he argues that several of the conditions that typically bring bull markets to an end are beginning to emerge. In his latest Flow Show report, Hartnett highlighted three developments that have historically punctured market booms and speculative bubbles: rising bond yields that increase the cost of capital, weakening leadership among market fav",https://investorshub.advfn.com/market-news/article/30370/bofas-hartnett-warns-bullish-positioning-remains-entrenched-despite-5-bond-yields?.tsrc=rss,Yahoo Finance RSS,negative,-0.9451,0.0249,0.9451,0.03
BAC,2026-06-13,2026-06-13 06:58:58,"POET Technologies (POET) Rides Market Leaders’ Semiconductor Optimism, Climbs 11%","POET Technologies Inc. (NASDAQ:POET) is one of the 10 Stocks That Absolutely Exploded Higher. POET Technologies saw its share prices jump by 11.38 percent on Friday to close at $12.53 apiece, as investor sentiment was bolstered by the continued optimism for companies and sectors riding the AI boom, thanks to bullish comments from analysts and […]",https://finance.yahoo.com/markets/stocks/articles/poet-technologies-poet-rides-market-065858309.html?.tsrc=rss,Yahoo Finance RSS,positive,0.945,0.945,0.0256,0.0294
BAC,2026-06-13,2026-06-13 06:56:46,"Arm Holdings (ARM) Gets BofA Backing, 37% PT Upgrade, Climbs 11%","Arm Holdings PLC (NASDAQ:ARM) is one of the 10 Stocks That Absolutely Exploded Higher. Arm Holdings saw its share prices jump by 11.27 percent on Friday to close at $380.81 apiece, as investors took heart from Bank of America’s highly optimistic outlook for the broader semiconductor industry, with the company alone earning a 37 percent […]",https://finance.yahoo.com/markets/stocks/articles/arm-holdings-arm-gets-bofa-065646410.html?.tsrc=rss,Yahoo Finance RSS,positive,0.9457,0.9457,0.025,0.0293
BAC,2026-06-13,2026-06-13 01:11:20,DOJ Subpoenas Put Bank Of America Regulatory And Valuation Risks In Focus,"The U.S. Department of Justice has issued subpoenas to Bank of America (NYSE:BAC) as part of an investigation into potential politically motivated account closures. The inquiry focuses on whether certain customer groups faced discrimination related to their political activities or affiliations. At the same time, policymakers are discussing proposals that could reclassify Bank of America under a higher community bank threshold of up to $30 billion, which may bring stricter regulations. For...",https://finance.yahoo.com/markets/stocks/articles/doj-subpoenas-put-bank-america-011120770.html?.tsrc=rss,Yahoo Finance RSS,neutral,0.0,0.122,0.4022,0.4758
BAC,2026-06-12,2026-06-12 21:49:20,Why Are Intel (INTC) Shares Soaring Today,Shares of computer processor maker Intel (NASDAQ:INTC) jumped 5.9% in the afternoon session after the market continued to digest the Bank of America double upgrade while the chip sector accelerated on continued Iran peace deal momentum.,https://finance.yahoo.com/markets/stocks/articles/why-intel-intc-shares-soaring-214920813.html?.tsrc=rss,Yahoo Finance RSS,positive,0.945,0.945,0.0295,0.0255
BAC,2026-06-12,2026-06-12 18:03:00,Bank of America makes major reset to Intel stock price target,"On June 11, Intel (INTC) received a Wall Street revamp that could flip the script on its stock performance, according to a research note shared with me at TheStreet. Investors had been bracing for more skepticism around Intel’s turnaround. The company still faces fierce pressure from Nvidia, ...",https://www.thestreet.com/investing/stocks/intc-intel-stock-price-target-bank-of-america-june-2026?.tsrc=rss,Yahoo Finance RSS,negative,-0.6154,0.2986,0.6154,0.086
BAC,2026-06-12,2026-06-12 17:42:20,Bank of America Sends a Stark Warning on the S&P 500,Market Optimism Hits Extreme Levels as BofA Maintains Rare Sell Call,https://finance.yahoo.com/markets/stocks/articles/bank-america-sends-stark-warning-174220927.html?.tsrc=rss,Yahoo Finance RSS,negative,-0.4485,0.3949,0.4485,0.1567
BAC,2026-06-12,2026-06-12 15:57:20,3 Reasons to Sell BAC and 1 Stock to Buy Instead,"Bank of America has been treading water for the past six months, holding steady at $55.16. The stock also fell short of the S&amp;P 500’s 6.4% gain during that period.",https://finance.yahoo.com/markets/stocks/articles/3-reasons-sell-bac-1-155720683.html?.tsrc=rss,Yahoo Finance RSS,negative,-0.9212,0.0574,0.9212,0.0214
BAC,2026-06-12,2026-06-12 14:59:56,"BofA reinstates Williams-Sonoma at Buy, cites structural share gains","Investing.com -- Bank of America reinstated coverage of Williams-Sonoma with a Buy rating and a $250 price target in a note on Friday, describing the home goods retailer as ""a rare, quality compounder in consumer discretionary"" positioned to keep gaining market share.",https://finance.yahoo.com/markets/stocks/articles/bofa-reinstates-williams-sonoma-buy-145956969.html?.tsrc=rss,Yahoo Finance RSS,positive,0.926,0.926,0.0325,0.0415
BAC,2026-06-12,2026-06-12 12:23:19,Dollar Suffers Worst Day Since May 6 on Trump Iran Remarks,"Trump's peace-deal comments pressured the dollar, pulled oil lower, and lifted Treasuries as haven demand eased.",https://finance.yahoo.com/markets/currencies/articles/dollar-suffers-worst-day-since-122319935.html?.tsrc=rss,Yahoo Finance RSS,negative,-0.9023,0.0745,0.9023,0.0232
BAC,2026-06-12,2026-06-12 11:03:00,Bank of America resets AMD stock price target,"Advanced Micro Devices (AMD) has gained about 128.45% year to date, at the time of writing, Thursday afternoon, June 11. Meanwhile, the SPDR S&amp;P 500 index (SPY) is up about 8.47% in the same period. The company has outpaced the S&amp;P 500 by a huge margin. That is impressive, but what is ...",https://www.thestreet.com/investing/stocks/bank-of-america-resets-amd-stock-price-target?.tsrc=rss,Yahoo Finance RSS,positive,0.9389,0.9389,0.0124,0.0487
BAC,2026-06-12,2026-06-12 09:17:53,No ‘designated geniuses’: How BofA democratizes innovation,"“Innovation isn’t in its own lane,” said Cameron Wadley, a Bank of America managing director whose patents are at the foundation of the bank’s AI assistant Erica.",https://www.bankingdive.com/news/bank-of-america-innovation-patents-ai-erica/822768/?.tsrc=rss,Yahoo Finance RSS,neutral,0.0,0.1337,0.0121,0.8542
AMD,2026-06-14,2026-06-14 15:07:00,Xbox fans waiting on Project Helix get unexpected news from Wedbush,"The explosion in AI spending is having a ripple effect throughout the tech industry, and now gamers are going to pay the price. To find out just how much weight AI holds in the U.S. economy, the Federal Reserve Bank of St. Louis looked at how much money is being spent on software, R&amp;D and ...",https://www.thestreet.com/investing/xbox-fans-waiting-on-project-helix-get-unexpected-news-from-wedbush?.tsrc=rss,Yahoo Finance RSS,neutral,0.0,0.0543,0.0542,0.8915
AMD,2026-06-13,2026-06-13 19:38:00,Citi resets AMD stock price target on key move,"For months, one of Wall Street's most closely watched chip analysts held a skeptical line on AMD while the stock rode the broader AI rally. On June 12, that changed. Citi analyst Atif Malik upgraded AMD to Buy from Neutral and raised his price target to $575 from $460, and shares jumped 4.73% the ...",https://www.thestreet.com/investing/stocks/citi-resets-amd-stock-price-target-on-key-move?.tsrc=rss,Yahoo Finance RSS,positive,0.9362,0.9362,0.0278,0.036
AMD,2026-06-13,2026-06-13 15:25:36,Should You Look for the “Next Nvidia” — or Just Buy the Real Thing?,"The artificial intelligence boom has created a familiar pattern on Wall Street. Investors spend years chasing the market’s biggest winner, then spend the next few years searching for whatever comes next. That search is happening right now with Nvidia (NASDAQ:NVDA). After becoming one of the most successful investments in stock market history, Nvidia’s recent performance ... Should You Look for the “Next Nvidia” — or Just Buy the Real Thing?",https://247wallst.com/investing/2026/06/13/should-you-look-for-the-next-nvidia-or-just-buy-the-real-thing/?.tsrc=rss,Yahoo Finance RSS,neutral,0.0,0.0625,0.0194,0.9181
AMD,2026-06-13,2026-06-13 13:00:56,The Billionaire Move Nobody Saw Coming: Why Starboard Value Abandoned CRM For These 2 Stocks,"Starboard Value, the activist hedge fund led by Jeff Smith, fully exited its positions in Salesforce (NYSE:CRM) and Autodesk (NASDAQ:ADSK) during the first quarter of 2026, disclosed in a 13F filed May 15, 2026. In their place, Smith opened brand-new long positions in Lamb Weston (NYSE:LW) and CarMax (NYSE:KMX), and added to existing stakes in ... The Billionaire Move Nobody Saw Coming: Why Starboard Value Abandoned CRM For These 2 Stocks",https://247wallst.com/investing/2026/06/13/the-billionaire-move-nobody-saw-coming-why-starboard-value-abandoned-crm-for-these-2-stocks/?.tsrc=rss,Yahoo Finance RSS,neutral,0.0,0.0546,0.1857,0.7597
AMD,2026-06-13,2026-06-13 01:09:33,"Why Intel, AMD, Arm, and Other Artificial Intelligence (AI) Stocks Popped Today",Agentic AI will be a powerful growth driver.,https://www.fool.com/investing/2026/06/12/why-intel-amd-arm-ai-stocks-up-today/?.tsrc=rss,Yahoo Finance RSS,neutral,0.0,0.4407,0.011,0.5483
AMD,2026-06-12,2026-06-12 22:05:20,Why Qualcomm (QCOM) Stock Is Trading Up Today,"Shares of wireless chipmaker Qualcomm (NASDAQ:QCOM) jumped 4.8% in the afternoon session after macro rate relief from the Iran peace deal, a Wells Fargo price target increase, and positive positioning ahead of a June 24 Investor Day drove renewed market interest.",https://finance.yahoo.com/markets/stocks/articles/why-qualcomm-qcom-stock-trading-220520438.html?.tsrc=rss,Yahoo Finance RSS,positive,0.9518,0.9518,0.0223,0.0258
AMD,2026-06-12,2026-06-12 21:57:20,Why AMD (AMD) Stock Is Up Today,"Shares of computer processor maker AMD (NASDAQ:AMD) jumped 4.6% in the afternoon session after Citi analyst Atif Malik upgraded the stock to Buy from Neutral and raised his price target to $575 from $460, making the case that ""the market has yet to fully recognize AMD as a legit second source in the GPU market.""",https://finance.yahoo.com/markets/stocks/articles/why-amd-amd-stock-today-215720676.html?.tsrc=rss,Yahoo Finance RSS,positive,0.9477,0.9477,0.0259,0.0264
AMD,2026-06-12,2026-06-12 20:39:53,Stocks Rally on Hopes for a Near-term US-Iran Interim Peace Agreement,"The S&amp;P 500 Index ($SPX ) (SPY ) on Friday rose +0.50%, the Dow Jones Industrial Average ($DOWI ) (DIA ) rose +0.70%, and the Nasdaq 100 Index ($IUXX ) (QQQ ) rose +0.64%. June E-mini S&amp;P futures (ESM26 ) rose +0.65%, and June E-mini Nasdaq futures (NQM26 ) rose...",https://www.barchart.com/story/news/2447851/stocks-rally-on-hopes-for-a-near-term-us-iran-interim-peace-agreement?.tsrc=rss,Yahoo Finance RSS,positive,0.9421,0.9421,0.0298,0.0281
AMD,2026-06-12,2026-06-12 20:37:22,AMD Stock Ended Friday’s Session Nearly 5% Higher — What Triggered The Rally?,"Citi upgraded AMD to ‘Buy’ and lifted its price target, stating that investors should also be looking at the company’s graphics processing unit’s potential.",https://stocktwits.com/news-articles/markets/equity/amd-stock-ended-fridays-session-nearly-5-percent-higher-what-triggered-the-rally/cZKdJXoR75W?.tsrc=rss,Yahoo Finance RSS,positive,0.9424,0.9424,0.0157,0.0419
AMD,2026-06-12,2026-06-12 20:20:35,AMD Stock Upgraded To Buy On GPU Upside,"A Wall Street analyst on Friday upgraded AMD stock to buy from neutral, saying its GPU business is undervalued.",https://finance.yahoo.com/m/a87d4360-51e7-3171-8bda-e2208866a15b/amd-stock-upgraded-to-buy-on.html?.tsrc=rss,Yahoo Finance RSS,positive,0.9429,0.9429,0.0336,0.0235
AMD,2026-06-12,2026-06-12 20:05:28,Citi Just Upgraded AMD Stock. Here’s Why.,AMD shares rally as Citi issues a largely bullish note on the chipmaker. Here’s why analyst Atif Malik believes AMD stock will rip higher from here.,https://www.barchart.com/story/news/2447161/citi-just-upgraded-amd-stock-heres-why?.tsrc=rss,Yahoo Finance RSS,positive,0.8849,0.8849,0.0425,0.0726
AMD,2026-06-12,2026-06-12 19:37:19,Sector Update: Tech Stocks Rise Late Afternoon,"Tech stocks were higher late Friday afternoon, with the State Street Technology Select Sector SPDR E",https://finance.yahoo.com/markets/stocks/articles/sector-tech-stocks-rise-afternoon-193719338.html?.tsrc=rss,Yahoo Finance RSS,positive,0.9461,0.9461,0.0279,0.026
AMD,2026-06-12,2026-06-12 18:20:26,AMD Rises as Citi Sees Bigger GPU Opportunity,The upgrade points to growing confidence in AMD's role in AI and data center chips.,https://finance.yahoo.com/markets/stocks/articles/amd-rises-citi-sees-bigger-182026144.html?.tsrc=rss,Yahoo Finance RSS,positive,0.9524,0.9524,0.0177,0.0299
